{"train_losses": {"age": [1.0235340595245361, 1.0454071760177612, 1.0141148567199707, 1.012973666191101, 1.0191495418548584]}, "train_accs": {"age": [-0.004257842863595984, -0.02571902361462186, 0.004983967083699081, 0.00610366476803903, 4.409944238070729e-05]}, "val_losses": {"age": [1.0155109465122223, 0.9877806007862091, 0.9930084347724915, 0.9923198819160461, 1.013892114162445]}, "val_accs": {"age": [-0.027064433573700253, 0.007131814420702709, 0.006047878598342382, 0.003148000351014535, 0.009412641189338045]}, "train_acc": {"age": 4.409944238070729e-05}, "val_acc": {"age": 0.009412641189338045}, "test_acc": {"age": [0.004548553764506136]}, "model": "densenet3D121", "dataset": "ABCD", "data": "freesurfer", "val_size": 0.4, "test_size": 0.4, "resize": [96, 96, 96], "train_batch_size": 256, "val_batch_size": 256, "in_channels": 1, "optim": "Adam", "scheduler": "on", "lr": 0.001, "weight_decay": 0.001, "exp_name": "age_transfer_test1_53c83a", "cat_target": [], "num_target": ["age"], "confusion_matrix": null, "gpus": [0, 1], "sbatch": null, "transfer": "age"}