{"train_losses": {"age": [1.2253204584121704, 1.1815729141235352, 1.1509865522384644, 1.120585322380066, 1.1265472173690796, 1.17283034324646, 1.1049124002456665, 1.1769814491271973, 1.1051491498947144, 1.0576207637786865]}, "train_accs": {"age": [0.03549561603094298, 0.0699312593839917, 0.0940071484144418, 0.11793731649577044, 0.11324444191525318, 0.07681292638853798, 0.13027417168275945, 0.07354540672933185, 0.13008781401884417, 0.16749952702669002]}, "val_losses": {"age": [0.8724590539932251, 0.8747011423110962, 0.8736490607261658, 0.886640191078186, 0.9106609225273132, 0.9300814867019653, 0.9313027262687683, 0.9309148788452148, 0.9306363463401794, 0.9288359880447388]}, "val_accs": {"age": [0.018917394302904844, 0.016396158701064034, 0.01757922671978529, 0.0029706644579772234, -0.024040712994473745, -0.04587918957127135, -0.04725247923775511, -0.04681634024653625, -0.04650313174537146, -0.04447862193951346]}, "train_acc": {"age": 0.16749952702669002}, "val_acc": {"age": -0.04447862193951346}, "test_acc": {"age": [0.017242981312379113]}, "model": "densenet3D121", "dataset": "ABCD", "data": "freesurfer", "val_size": 0.4, "test_size": 0.4, "resize": [96, 96, 96], "train_batch_size": 128, "val_batch_size": 128, "in_channels": 1, "optim": "Adam", "scheduler": "on", "lr": 0.001, "weight_decay": 0.001, "exp_name": "age_transfer_test1_429851", "cat_target": [], "num_target": ["age"], "confusion_matrix": null, "gpus": [0, 1], "sbatch": null, "transfer": "age"}