{"train_losses": {"age": [1.015328288078308, 0.9767695069313049]}, "train_accs": {"age": [0.01188559808359857, 0.049410891934207224]}, "val_losses": {"age": [0.8234656453132629, 0.8450242877006531]}, "val_accs": {"age": [0.04204789667806974, 0.016968345824754927]}, "train_acc": {"age": 0.049410891934207224}, "val_acc": {"age": 0.016968345824754927}, "test_acc": {"age": [0.0007252916684943322]}, "model": "densenet3D121", "dataset": "ABCD", "data": "freesurfer", "val_size": 0.4, "test_size": 0.4, "resize": [96, 96, 96], "train_batch_size": 128, "val_batch_size": 128, "in_channels": 1, "optim": "Adam", "scheduler": "on", "lr": 0.001, "weight_decay": 0.001, "exp_name": "age_transfer_test1_41ac69", "cat_target": [], "num_target": ["age"], "confusion_matrix": null, "gpus": [0, 1], "sbatch": null, "transfer": "age"}